stazione_id;data;inquinante;valore
2;17/12/2025;C6H6;2.8
2;17/12/2025;NO2;60
2;17/12/2025;O3;13
2;17/12/2025;PM10;38
2;17/12/2025;PM25;34
2;17/12/2025;SO2;2.5
3;17/12/2025;NO2;65
4;17/12/2025;C6H6;2.7
4;17/12/2025;CO_8h;0.9
4;17/12/2025;NO2;55
4;17/12/2025;PM10;49
4;17/12/2025;PM25;36
6;17/12/2025;C6H6;1.6
6;17/12/2025;CO_8h;0
6;17/12/2025;NO2;60
6;17/12/2025;PM10;36
6;17/12/2025;PM25;31
7;17/12/2025;NO2;60
7;17/12/2025;O3;12
7;17/12/2025;PM10;24
2;16/12/2025;C6H6;4.2
2;16/12/2025;NO2;83
2;16/12/2025;O3;10
2;16/12/2025;PM10;62
2;16/12/2025;PM25;46
2;16/12/2025;SO2;7
3;16/12/2025;NO2;71
4;16/12/2025;C6H6;4.2
4;16/12/2025;CO_8h;1.4
4;16/12/2025;NO2;85
4;16/12/2025;PM10;73
4;16/12/2025;PM25;51
6;16/12/2025;C6H6;2.6
6;16/12/2025;CO_8h;0
6;16/12/2025;NO2;72
6;16/12/2025;PM10;56
6;16/12/2025;PM25;48
7;16/12/2025;NO2;89
7;16/12/2025;O3;5
7;16/12/2025;PM10;43
2;15/12/2025;C6H6;4.2
2;15/12/2025;NO2;75
2;15/12/2025;O3;13
2;15/12/2025;PM10;55
2;15/12/2025;PM25;37
2;15/12/2025;SO2;2.5
3;15/12/2025;NO2;105
4;15/12/2025;C6H6;4.6
4;15/12/2025;CO_8h;1.4
4;15/12/2025;NO2;81
4;15/12/2025;PM10;67
4;15/12/2025;PM25;47
6;15/12/2025;C6H6;2.8
6;15/12/2025;CO_8h;0
6;15/12/2025;NO2;65
6;15/12/2025;PM10;47
6;15/12/2025;PM25;41
7;15/12/2025;NO2;76
7;15/12/2025;O3;12
7;15/12/2025;PM10;32
2;28/11/2025;C6H6;3.5
2;28/11/2025;NO2;79
2;28/11/2025;O3;31
2;28/11/2025;PM10;33
2;28/11/2025;PM25;18
2;28/11/2025;SO2;6
3;28/11/2025;NO2;113
4;28/11/2025;C6H6;4.4
4;28/11/2025;CO_8h;2
4;28/11/2025;NO2;74
4;28/11/2025;PM10;48
4;28/11/2025;PM25;26
6;28/11/2025;C6H6;2.2
6;28/11/2025;CO_8h;1.1
6;28/11/2025;NO2;67
6;28/11/2025;PM10;27
6;28/11/2025;PM25;19
7;28/11/2025;NO2;72
7;28/11/2025;O3;32
7;28/11/2025;PM10;22
2;27/11/2025;C6H6;3.8
2;27/11/2025;NO2;76
2;27/11/2025;O3;16
2;27/11/2025;PM10;39
2;27/11/2025;PM25;24
2;27/11/2025;SO2;6
3;27/11/2025;NO2;78
4;27/11/2025;C6H6;4.1
4;27/11/2025;CO_8h;1.8
4;27/11/2025;NO2;75
4;27/11/2025;PM10;49
4;27/11/2025;PM25;29
6;27/11/2025;C6H6;2.7
6;27/11/2025;CO_8h;1.1
6;27/11/2025;NO2;71
6;27/11/2025;PM10;32
6;27/11/2025;PM25;26
7;27/11/2025;NO2;78
7;27/11/2025;O3;11
7;27/11/2025;PM10;26
2;26/11/2025;C6H6;2
2;26/11/2025;NO2;60
2;26/11/2025;O3;39
2;26/11/2025;PM10;32
2;26/11/2025;PM25;23
2;26/11/2025;SO2;5
3;26/11/2025;NO2;59
4;26/11/2025;C6H6;1.8
4;26/11/2025;CO_8h;0.8
4;26/11/2025;NO2;49
4;26/11/2025;PM10;30
4;26/11/2025;PM25;24
6;26/11/2025;C6H6;1.2
6;26/11/2025;CO_8h;0.9
6;26/11/2025;NO2;74
6;26/11/2025;PM10;27
6;26/11/2025;PM25;26
7;26/11/2025;NO2;63
7;26/11/2025;O3;30
7;26/11/2025;PM10;20
2;25/11/2025;C6H6;1.2
2;25/11/2025;NO2;53
2;25/11/2025;O3;36
2;25/11/2025;PM10;18
2;25/11/2025;PM25;12
2;25/11/2025;SO2;2.5
3;25/11/2025;NO2;47
4;25/11/2025;C6H6;2
4;25/11/2025;CO_8h;0.7
4;25/11/2025;NO2;50
4;25/11/2025;PM10;22
4;25/11/2025;PM25;16
6;25/11/2025;C6H6;1
6;25/11/2025;CO_8h;0.7
6;25/11/2025;NO2;61
6;25/11/2025;PM10;15
6;25/11/2025;PM25;15
7;25/11/2025;NO2;53
7;25/11/2025;O3;37
7;25/11/2025;PM10;9
2;24/11/2025;C6H6;1.6
2;24/11/2025;NO2;59
2;24/11/2025;O3;30
2;24/11/2025;PM10;22
2;24/11/2025;PM25;16
2;24/11/2025;SO2;8
3;24/11/2025;NO2;57
4;24/11/2025;C6H6;2.4
4;24/11/2025;CO_8h;1.1
4;24/11/2025;NO2;53
4;24/11/2025;PM10;34
4;24/11/2025;PM25;25
6;24/11/2025;C6H6;1.1
6;24/11/2025;CO_8h;1
6;24/11/2025;NO2;69
6;24/11/2025;PM10;22
6;24/11/2025;PM25;22
7;24/11/2025;NO2;58
7;24/11/2025;O3;41
7;24/11/2025;PM10;12
2;21/11/2025;C6H6;1
2;21/11/2025;NO2;60
2;21/11/2025;O3;54
2;21/11/2025;PM10;22
2;21/11/2025;PM25;16
2;21/11/2025;SO2;2.5
3;21/11/2025;NO2;59
4;21/11/2025;C6H6;1.3
4;21/11/2025;CO_8h;1.6
4;21/11/2025;NO2;57
4;21/11/2025;PM10;24
4;21/11/2025;PM25;17
6;21/11/2025;C6H6;0.5
6;21/11/2025;CO_8h;0.6
6;21/11/2025;NO2;65
6;21/11/2025;PM10;21
6;21/11/2025;PM25;18
7;21/11/2025;NO2;52
7;21/11/2025;O3;53
7;21/11/2025;PM10;14
2;20/11/2025;C6H6;1
2;20/11/2025;NO2;43
2;20/11/2025;O3;59
2;20/11/2025;PM10;16
2;20/11/2025;PM25;11
2;20/11/2025;SO2;2.5
3;20/11/2025;NO2;55
4;20/11/2025;C6H6;2.2
4;20/11/2025;CO_8h;1.7
4;20/11/2025;NO2;54
4;20/11/2025;PM10;23
4;20/11/2025;PM25;15
6;20/11/2025;C6H6;0.5
6;20/11/2025;CO_8h;0.6
6;20/11/2025;NO2;57
6;20/11/2025;PM10;17
6;20/11/2025;PM25;13
7;20/11/2025;NO2;50
7;20/11/2025;O3;56
7;20/11/2025;PM10;10
2;19/11/2025;C6H6;0.5
2;19/11/2025;NO2;60
2;19/11/2025;O3;67
2;19/11/2025;PM10;10
2;19/11/2025;PM25;3
2;19/11/2025;SO2;2.5
3;19/11/2025;NO2;76
4;19/11/2025;C6H6;1.9
4;19/11/2025;CO_8h;1.7
4;19/11/2025;NO2;68
4;19/11/2025;PM10;15
4;19/11/2025;PM25;5
6;19/11/2025;C6H6;0.5
6;19/11/2025;CO_8h;0.7
6;19/11/2025;NO2;77
6;19/11/2025;PM10;11
6;19/11/2025;PM25;7
7;19/11/2025;NO2;67
7;19/11/2025;O3;60
7;19/11/2025;PM10;8
2;18/11/2025;C6H6;1.7
2;18/11/2025;NO2;52
2;18/11/2025;O3;70
2;18/11/2025;PM10;13
2;18/11/2025;PM25;9
2;18/11/2025;SO2;2.5
3;18/11/2025;NO2;60
4;18/11/2025;C6H6;1.9
4;18/11/2025;CO_8h;1.6
4;18/11/2025;NO2;44
4;18/11/2025;PM10;15
4;18/11/2025;PM25;10
6;18/11/2025;C6H6;1.2
6;18/11/2025;CO_8h;0.8
6;18/11/2025;NO2;60
6;18/11/2025;PM10;15
6;18/11/2025;PM25;14
7;18/11/2025;NO2;54
7;18/11/2025;O3;56
7;18/11/2025;PM10;11
2;17/11/2025;C6H6;1.5
2;17/11/2025;NO2;26
2;17/11/2025;O3;44
2;17/11/2025;PM10;35
2;17/11/2025;PM25;17
2;17/11/2025;SO2;2.5
3;17/11/2025;NO2;40
4;17/11/2025;C6H6;2
4;17/11/2025;CO_8h;1.6
4;17/11/2025;NO2;35
4;17/11/2025;PM10;53
4;17/11/2025;PM25;35
6;17/11/2025;C6H6;1.1
6;17/11/2025;CO_8h;0.6
6;17/11/2025;NO2;37
6;17/11/2025;PM10;32
6;17/11/2025;PM25;28
7;17/11/2025;NO2;34
7;17/11/2025;O3;41
7;17/11/2025;PM10;24
2;13/11/2025;C6H6;2.8
2;13/11/2025;NO2;82
2;13/11/2025;O3;47
2;13/11/2025;PM10;41
2;13/11/2025;PM25;28
2;13/11/2025;SO2;7
3;13/11/2025;NO2;75
4;13/11/2025;C6H6;3
4;13/11/2025;CO_8h;2.6
4;13/11/2025;NO2;72
4;13/11/2025;PM10;49
4;13/11/2025;PM25;31
6;13/11/2025;C6H6;2.3
6;13/11/2025;CO_8h;1.4
6;13/11/2025;NO2;82
6;13/11/2025;PM10;42
6;13/11/2025;PM25;32
7;13/11/2025;NO2;76
7;13/11/2025;O3;34
7;13/11/2025;PM10;30
2;12/11/2025;C6H6;4.1
2;12/11/2025;NO2;91
2;12/11/2025;O3;51
2;12/11/2025;PM10;59
2;12/11/2025;PM25;37
2;12/11/2025;SO2;7
3;12/11/2025;NO2;100
4;12/11/2025;C6H6;4.6
4;12/11/2025;CO_8h;2.5
4;12/11/2025;NO2;93
4;12/11/2025;PM10;63
4;12/11/2025;PM25;42
6;12/11/2025;C6H6;3.2
6;12/11/2025;CO_8h;1.5
6;12/11/2025;NO2;103
6;12/11/2025;PM10;48
6;12/11/2025;PM25;38
7;12/11/2025;NO2;88
7;12/11/2025;O3;35
7;12/11/2025;PM10;35
2;11/11/2025;C6H6;3.3
2;11/11/2025;NO2;72
2;11/11/2025;O3;55
2;11/11/2025;PM10;61
2;11/11/2025;PM25;40
2;11/11/2025;SO2;6
3;11/11/2025;NO2;
4;11/11/2025;C6H6;3.4
4;11/11/2025;CO_8h;1.9
4;11/11/2025;NO2;74
4;11/11/2025;PM10;67
4;11/11/2025;PM25;50
6;11/11/2025;C6H6;2
6;11/11/2025;CO_8h;1.1
6;11/11/2025;NO2;82
6;11/11/2025;PM10;53
6;11/11/2025;PM25;45
7;11/11/2025;NO2;77
7;11/11/2025;O3;46
7;11/11/2025;PM10;38
2;10/11/2025;C6H6;2.7
2;10/11/2025;NO2;66
2;10/11/2025;O3;54
2;10/11/2025;PM10;64
2;10/11/2025;PM25;41
2;10/11/2025;SO2;5
3;10/11/2025;NO2;71
4;10/11/2025;C6H6;3.5
4;10/11/2025;CO_8h;1.6
4;10/11/2025;NO2;73
4;10/11/2025;PM10;70
4;10/11/2025;PM25;53
6;10/11/2025;C6H6;1.7
6;10/11/2025;CO_8h;0.9
6;10/11/2025;NO2;78
6;10/11/2025;PM10;50
6;10/11/2025;PM25;45
7;10/11/2025;NO2;77
7;10/11/2025;O3;57
7;10/11/2025;PM10;37
2;07/11/2025;C6H6;4.2
2;07/11/2025;NO2;88
2;07/11/2025;O3;38
2;07/11/2025;PM10;45
2;07/11/2025;PM25;32
2;07/11/2025;SO2;7
3;07/11/2025;NO2;83
4;07/11/2025;C6H6;3.9
4;07/11/2025;CO_8h;1.8
4;07/11/2025;NO2;71
4;07/11/2025;PM10;50
4;07/11/2025;PM25;31
6;07/11/2025;C6H6;2.9
6;07/11/2025;CO_8h;1.6
6;07/11/2025;NO2;74
6;07/11/2025;PM10;
6;07/11/2025;PM25;
7;07/11/2025;NO2;82
7;07/11/2025;O3;35
7;07/11/2025;PM10;28
2;06/11/2025;C6H6;3.9
2;06/11/2025;NO2;72
2;06/11/2025;O3;49
2;06/11/2025;PM10;38
2;06/11/2025;PM25;26
2;06/11/2025;SO2;7
3;06/11/2025;NO2;79
4;06/11/2025;C6H6;3.7
4;06/11/2025;CO_8h;2
4;06/11/2025;NO2;76
4;06/11/2025;PM10;44
4;06/11/2025;PM25;28
6;06/11/2025;C6H6;0
6;06/11/2025;CO_8h;0
6;06/11/2025;NO2;
6;06/11/2025;PM10;
6;06/11/2025;PM25;
7;06/11/2025;NO2;84
7;06/11/2025;O3;41
7;06/11/2025;PM10;25
2;05/11/2025;C6H6;2.7
2;05/11/2025;NO2;65
2;05/11/2025;O3;46
2;05/11/2025;PM10;25
2;05/11/2025;PM25;16
2;05/11/2025;SO2;5
3;05/11/2025;NO2;78
4;05/11/2025;C6H6;3.8
4;05/11/2025;CO_8h;1.9
4;05/11/2025;NO2;71
4;05/11/2025;PM10;36
4;05/11/2025;PM25;20
6;05/11/2025;C6H6;0
6;05/11/2025;CO_8h;0
6;05/11/2025;NO2;
6;05/11/2025;PM10;
6;05/11/2025;PM25;
7;05/11/2025;NO2;73
7;05/11/2025;O3;38
7;05/11/2025;PM10;20
2;04/11/2025;C6H6;1.9
2;04/11/2025;NO2;68
2;04/11/2025;O3;53
2;04/11/2025;PM10;20
2;04/11/2025;PM25;7
2;04/11/2025;SO2;5
3;04/11/2025;NO2;80
4;04/11/2025;C6H6;2.6
4;04/11/2025;CO_8h;1.8
4;04/11/2025;NO2;68
4;04/11/2025;PM10;16
4;04/11/2025;PM25;5
6;04/11/2025;C6H6;1.3
6;04/11/2025;CO_8h;1.2
6;04/11/2025;NO2;69
6;04/11/2025;PM10;18
6;04/11/2025;PM25;10
7;04/11/2025;NO2;75
7;04/11/2025;O3;47
7;04/11/2025;PM10;12
2;03/11/2025;C6H6;1.1
2;03/11/2025;NO2;37
2;03/11/2025;O3;38
2;03/11/2025;PM10;29
2;03/11/2025;PM25;14
2;03/11/2025;SO2;2.5
3;03/11/2025;NO2;47
4;03/11/2025;C6H6;1.6
4;03/11/2025;CO_8h;0.9
4;03/11/2025;NO2;41
4;03/11/2025;PM10;35
4;03/11/2025;PM25;24
6;03/11/2025;C6H6;0.5
6;03/11/2025;CO_8h;0.7
6;03/11/2025;NO2;44
6;03/11/2025;PM10;27
6;03/11/2025;PM25;20
7;03/11/2025;NO2;45
7;03/11/2025;O3;28
7;03/11/2025;PM10;17
2;31/10/2025;C6H6;1.8
2;31/10/2025;NO2;56
2;31/10/2025;O3;34
2;31/10/2025;PM10;47
2;31/10/2025;PM25;31
2;31/10/2025;SO2;2.5
3;31/10/2025;NO2;58
4;31/10/2025;C6H6;2.4
4;31/10/2025;CO_8h;1.4
4;31/10/2025;NO2;56
4;31/10/2025;PM10;64
4;31/10/2025;PM25;43
6;31/10/2025;C6H6;1.2
6;31/10/2025;CO_8h;1.1
6;31/10/2025;NO2;52
6;31/10/2025;PM10;47
6;31/10/2025;PM25;37
7;31/10/2025;NO2;57
7;31/10/2025;O3;26
7;31/10/2025;PM10;33
2;30/10/2025;C6H6;1.8
2;30/10/2025;NO2;56
2;30/10/2025;O3;34
2;30/10/2025;PM10;47
2;30/10/2025;PM25;31
2;30/10/2025;SO2;2.5
3;30/10/2025;NO2;58
4;30/10/2025;C6H6;2.4
4;30/10/2025;CO_8h;1.4
4;30/10/2025;NO2;56
4;30/10/2025;PM10;64
4;30/10/2025;PM25;43
6;30/10/2025;C6H6;1.2
6;30/10/2025;CO_8h;1.1
6;30/10/2025;NO2;52
6;30/10/2025;PM10;47
6;30/10/2025;PM25;37
7;30/10/2025;NO2;57
7;30/10/2025;O3;26
7;30/10/2025;PM10;33
2;29/10/2025;C6H6;2.3
2;29/10/2025;NO2;78
2;29/10/2025;O3;44
2;29/10/2025;PM10;39
2;29/10/2025;PM25;22
2;29/10/2025;SO2;6
3;29/10/2025;NO2;85
4;29/10/2025;C6H6;3.4
4;29/10/2025;CO_8h;1.4
4;29/10/2025;NO2;83
4;29/10/2025;PM10;43
4;29/10/2025;PM25;26
6;29/10/2025;C6H6;2.2
6;29/10/2025;CO_8h;1.2
6;29/10/2025;NO2;72
6;29/10/2025;PM10;39
6;29/10/2025;PM25;25
7;29/10/2025;NO2;82
7;29/10/2025;O3;39
7;29/10/2025;PM10;25
2;28/10/2025;C6H6;1.6
2;28/10/2025;NO2;72
2;28/10/2025;O3;64
2;28/10/2025;PM10;14
2;28/10/2025;PM25;6
2;28/10/2025;SO2;13
3;28/10/2025;NO2;81
4;28/10/2025;C6H6;2.1
4;28/10/2025;CO_8h;0.7
4;28/10/2025;NO2;72
4;28/10/2025;PM10;19
4;28/10/2025;PM25;8
6;28/10/2025;C6H6;1.1
6;28/10/2025;CO_8h;0.9
6;28/10/2025;NO2;66
6;28/10/2025;PM10;18
6;28/10/2025;PM25;8
7;28/10/2025;NO2;71
7;28/10/2025;O3;52
7;28/10/2025;PM10;12
2;27/10/2025;C6H6;1.7
2;27/10/2025;NO2;51
2;27/10/2025;O3;67
2;27/10/2025;PM10;13
2;27/10/2025;PM25;8
2;27/10/2025;SO2;2.5
3;27/10/2025;NO2;57
4;27/10/2025;C6H6;1.2
4;27/10/2025;CO_8h;0.9
4;27/10/2025;NO2;44
4;27/10/2025;PM10;16
4;27/10/2025;PM25;12
6;27/10/2025;C6H6;0.5
6;27/10/2025;CO_8h;0.9
6;27/10/2025;NO2;47
6;27/10/2025;PM10;14
6;27/10/2025;PM25;11
7;27/10/2025;NO2;56
7;27/10/2025;O3;60
7;27/10/2025;PM10;9
2;24/10/2025;C6H6;1.5
2;24/10/2025;NO2;37
2;24/10/2025;O3;30
2;24/10/2025;PM10;30
2;24/10/2025;PM25;21
2;24/10/2025;SO2;2.5
3;24/10/2025;NO2;44
4;24/10/2025;C6H6;2.1
4;24/10/2025;CO_8h;0.25
4;24/10/2025;NO2;40
4;24/10/2025;PM10;39
4;24/10/2025;PM25;30
6;24/10/2025;C6H6;1.1
6;24/10/2025;CO_8h;0.7
6;24/10/2025;NO2;41
6;24/10/2025;PM10;33
6;24/10/2025;PM25;24
7;24/10/2025;NO2;45
7;24/10/2025;O3;21
7;24/10/2025;PM10;20
2;23/10/2025;C6H6;1.8
2;23/10/2025;NO2;52
2;23/10/2025;O3;28
2;23/10/2025;PM10;41
2;23/10/2025;PM25;27
2;23/10/2025;SO2;2.5
3;23/10/2025;NO2;56
4;23/10/2025;C6H6;2.1
4;23/10/2025;CO_8h;2.1
4;23/10/2025;NO2;52
4;23/10/2025;PM10;49
4;23/10/2025;PM25;33
6;23/10/2025;C6H6;1.3
6;23/10/2025;CO_8h;0.9
6;23/10/2025;NO2;52
6;23/10/2025;PM10;38
6;23/10/2025;PM25;34
7;23/10/2025;NO2;59
7;23/10/2025;O3;33
7;23/10/2025;PM10;28
2;22/10/2025;C6H6;1.2
2;22/10/2025;NO2;41
2;22/10/2025;O3;34
2;22/10/2025;PM10;19
2;22/10/2025;PM25;14
2;22/10/2025;SO2;2.5
3;22/10/2025;NO2;53
4;22/10/2025;C6H6;1.5
4;22/10/2025;CO_8h;1.8
4;22/10/2025;NO2;40
4;22/10/2025;PM10;23
4;22/10/2025;PM25;16
6;22/10/2025;C6H6;0.5
6;22/10/2025;CO_8h;0.6
6;22/10/2025;NO2;54
6;22/10/2025;PM10;19
6;22/10/2025;PM25;14
7;22/10/2025;NO2;45
7;22/10/2025;O3;37
7;22/10/2025;PM10;14
2;21/10/2025;C6H6;1.2
2;21/10/2025;NO2;51
2;21/10/2025;O3;30
2;21/10/2025;PM10;35
2;21/10/2025;PM25;24
2;21/10/2025;SO2;2.5
3;21/10/2025;NO2;58
4;21/10/2025;C6H6;1.9
4;21/10/2025;CO_8h;1.6
4;21/10/2025;NO2;57
4;21/10/2025;PM10;46
4;21/10/2025;PM25;31
6;21/10/2025;C6H6;0.5
6;21/10/2025;CO_8h;0.6
6;21/10/2025;NO2;51
6;21/10/2025;PM10;33
6;21/10/2025;PM25;30
7;21/10/2025;NO2;50
7;21/10/2025;O3;37
7;21/10/2025;PM10;26
2;20/10/2025;C6H6;1.1
2;20/10/2025;NO2;66
2;20/10/2025;O3;72
2;20/10/2025;PM10;37
2;20/10/2025;PM25;25
2;20/10/2025;SO2;2.5
3;20/10/2025;NO2;84
4;20/10/2025;C6H6;2.2
4;20/10/2025;CO_8h;1.6
4;20/10/2025;NO2;78
4;20/10/2025;PM10;49
4;20/10/2025;PM25;31
6;20/10/2025;C6H6;0.5
6;20/10/2025;CO_8h;0.7
6;20/10/2025;NO2;49
6;20/10/2025;PM10;36
6;20/10/2025;PM25;27
7;20/10/2025;NO2;61
7;20/10/2025;O3;73
7;20/10/2025;PM10;24
2;17/10/2025;C6H6;1.2
2;17/10/2025;NO2;64
2;17/10/2025;O3;64
2;17/10/2025;PM10;28
2;17/10/2025;PM25;16
2;17/10/2025;SO2;2.5
3;17/10/2025;NO2;75
4;17/10/2025;C6H6;2.4
4;17/10/2025;CO_8h;1.7
4;17/10/2025;NO2;71
4;17/10/2025;PM10;37
4;17/10/2025;PM25;19
6;17/10/2025;C6H6;1.1
6;17/10/2025;CO_8h;0
6;17/10/2025;NO2;73
6;17/10/2025;PM10;25
6;17/10/2025;PM25;17
7;17/10/2025;NO2;63
7;17/10/2025;O3;62
7;17/10/2025;PM10;
2;16/10/2025;C6H6;1.4
2;16/10/2025;NO2;61
2;16/10/2025;O3;68
2;16/10/2025;PM10;36
2;16/10/2025;PM25;22
2;16/10/2025;SO2;2.5
3;16/10/2025;NO2;78
4;16/10/2025;C6H6;2.9
4;16/10/2025;CO_8h;1.7
4;16/10/2025;NO2;73
4;16/10/2025;PM10;47
4;16/10/2025;PM25;28
6;16/10/2025;C6H6;1.2
6;16/10/2025;CO_8h;0.9
6;16/10/2025;NO2;70
6;16/10/2025;PM10;31
6;16/10/2025;PM25;28
7;16/10/2025;NO2;60
7;16/10/2025;O3;74
7;16/10/2025;PM10;24
2;15/10/2025;C6H6;1.6
2;15/10/2025;NO2;73
2;15/10/2025;O3;53
2;15/10/2025;PM10;41
2;15/10/2025;PM25;26
2;15/10/2025;SO2;2.5
3;15/10/2025;NO2;74
4;15/10/2025;C6H6;2.6
4;15/10/2025;CO_8h;2.3
4;15/10/2025;NO2;62
4;15/10/2025;PM10;55
4;15/10/2025;PM25;36
6;15/10/2025;C6H6;1.2
6;15/10/2025;CO_8h;0.9
6;15/10/2025;NO2;70
6;15/10/2025;PM10;40
6;15/10/2025;PM25;31
7;15/10/2025;NO2;71
7;15/10/2025;O3;51
7;15/10/2025;PM10;27
2;14/10/2025;C6H6;2.3
2;14/10/2025;NO2;76
2;14/10/2025;O3;63
2;14/10/2025;PM10;51
2;14/10/2025;PM25;34
2;14/10/2025;SO2;2.5
3;14/10/2025;NO2;85
4;14/10/2025;C6H6;3.1
4;14/10/2025;CO_8h;2.3
4;14/10/2025;NO2;78
4;14/10/2025;PM10;70
4;14/10/2025;PM25;47
6;14/10/2025;C6H6;1.7
6;14/10/2025;CO_8h;0.8
6;14/10/2025;NO2;68
6;14/10/2025;PM10;47
6;14/10/2025;PM25;37
7;14/10/2025;NO2;76
7;14/10/2025;O3;64
7;14/10/2025;PM10;34
2;13/10/2025;C6H6;1.5
2;13/10/2025;NO2;63
2;13/10/2025;O3;92
2;13/10/2025;PM10;55
2;13/10/2025;PM25;40
2;13/10/2025;SO2;2.5
3;13/10/2025;NO2;83
4;13/10/2025;C6H6;2.8
4;13/10/2025;CO_8h;2
4;13/10/2025;NO2;84
4;13/10/2025;PM10;80
4;13/10/2025;PM25;56
6;13/10/2025;C6H6;1.1
6;13/10/2025;CO_8h;0.8
6;13/10/2025;NO2;56
6;13/10/2025;PM10;54
6;13/10/2025;PM25;45
7;13/10/2025;NO2;61
7;13/10/2025;O3;104
7;13/10/2025;PM10;41
2;10/10/2025;C6H6;1.9
2;10/10/2025;NO2;67
2;10/10/2025;O3;99
2;10/10/2025;PM10;65
2;10/10/2025;PM25;43
2;10/10/2025;SO2;5
3;10/10/2025;NO2;114
4;10/10/2025;C6H6;2.5
4;10/10/2025;CO_8h;1.8
4;10/10/2025;NO2;108
4;10/10/2025;PM10;82
4;10/10/2025;PM25;55
6;10/10/2025;C6H6;1.6
6;10/10/2025;CO_8h;0.8
6;10/10/2025;NO2;65
6;10/10/2025;PM10;61
6;10/10/2025;PM25;45
7;10/10/2025;NO2;81
7;10/10/2025;O3;112
7;10/10/2025;PM10;
2;09/10/2025;C6H6;1.7
2;09/10/2025;NO2;86
2;09/10/2025;O3;85
2;09/10/2025;PM10;48
2;09/10/2025;PM25;31
2;09/10/2025;SO2;7
3;09/10/2025;NO2;103
4;09/10/2025;C6H6;2.6
4;09/10/2025;CO_8h;1.7
4;09/10/2025;NO2;95
4;09/10/2025;PM10;64
4;09/10/2025;PM25;38
6;09/10/2025;C6H6;1.6
6;09/10/2025;CO_8h;0.8
6;09/10/2025;NO2;76
6;09/10/2025;PM10;44
6;09/10/2025;PM25;36
7;09/10/2025;NO2;73
7;09/10/2025;O3;89
7;09/10/2025;PM10;34
2;08/10/2025;C6H6;2.2
2;08/10/2025;NO2;74
2;08/10/2025;O3;53
2;08/10/2025;PM10;35
2;08/10/2025;PM25;19
2;08/10/2025;SO2;2.5
3;08/10/2025;NO2;88
4;08/10/2025;C6H6;2.8
4;08/10/2025;CO_8h;1.5
4;08/10/2025;NO2;90
4;08/10/2025;PM10;44
4;08/10/2025;PM25;20
6;08/10/2025;C6H6;1.8
6;08/10/2025;CO_8h;0.8
6;08/10/2025;NO2;74
6;08/10/2025;PM10;34
6;08/10/2025;PM25;21
7;08/10/2025;NO2;81
7;08/10/2025;O3;59
7;08/10/2025;PM10;26
2;07/10/2025;C6H6;1.2
2;07/10/2025;NO2;56
2;07/10/2025;O3;68
2;07/10/2025;PM10;18
2;07/10/2025;PM25;8
2;07/10/2025;SO2;2.5
3;07/10/2025;NO2;76
4;07/10/2025;C6H6;1.6
4;07/10/2025;CO_8h;1.2
4;07/10/2025;NO2;72
4;07/10/2025;PM10;20
4;07/10/2025;PM25;8
6;07/10/2025;C6H6;1.1
6;07/10/2025;CO_8h;0.7
6;07/10/2025;NO2;59
6;07/10/2025;PM10;16
6;07/10/2025;PM25;9
7;07/10/2025;NO2;61
7;07/10/2025;O3;57
7;07/10/2025;PM10;16
2;06/10/2025;C6H6;0.5
2;06/10/2025;NO2;28
2;06/10/2025;O3;70
2;06/10/2025;PM10;11
2;06/10/2025;PM25;6
2;06/10/2025;SO2;2.5
3;06/10/2025;NO2;34
4;06/10/2025;C6H6;1
4;06/10/2025;CO_8h;0.9
4;06/10/2025;NO2;44
4;06/10/2025;PM10;17
4;06/10/2025;PM25;11
6;06/10/2025;C6H6;0.5
6;06/10/2025;CO_8h;0.6
6;06/10/2025;NO2;30
6;06/10/2025;PM10;11
6;06/10/2025;PM25;7
7;06/10/2025;NO2;32
7;06/10/2025;O3;72
7;06/10/2025;PM10;
2;03/10/2025;C6H6;0.5
2;03/10/2025;NO2;64
2;03/10/2025;O3;70
2;03/10/2025;PM10;16
2;03/10/2025;PM25;8
2;03/10/2025;SO2;7
3;03/10/2025;NO2;71
4;03/10/2025;C6H6;1.5
4;03/10/2025;CO_8h;0.8
4;03/10/2025;NO2;64
4;03/10/2025;PM10;24
4;03/10/2025;PM25;10
6;03/10/2025;C6H6;1
6;03/10/2025;CO_8h;0.5
6;03/10/2025;NO2;51
6;03/10/2025;PM10;
6;03/10/2025;PM25;
7;03/10/2025;NO2;53
7;03/10/2025;O3;73
7;03/10/2025;PM10;11
2;02/10/2025;C6H6;0.5
2;02/10/2025;NO2;20
2;02/10/2025;O3;65
2;02/10/2025;PM10;12
2;02/10/2025;PM25;7
2;02/10/2025;SO2;2.5
3;02/10/2025;NO2;50
4;02/10/2025;C6H6;1.5
4;02/10/2025;CO_8h;0.7
4;02/10/2025;NO2;54
4;02/10/2025;PM10;21
4;02/10/2025;PM25;10
6;02/10/2025;C6H6;0
6;02/10/2025;CO_8h;0.5
6;02/10/2025;NO2;30
6;02/10/2025;PM10;
6;02/10/2025;PM25;2
7;02/10/2025;NO2;37
7;02/10/2025;O3;70
7;02/10/2025;PM10;6
2;01/10/2025;C6H6;1.1
2;01/10/2025;NO2;48
2;01/10/2025;O3;91
2;01/10/2025;PM10;25
2;01/10/2025;PM25;16
2;01/10/2025;SO2;5
3;01/10/2025;NO2;65
4;01/10/2025;C6H6;2.1
4;01/10/2025;CO_8h;1.2
4;01/10/2025;NO2;72
4;01/10/2025;PM10;43
4;01/10/2025;PM25;20
6;01/10/2025;C6H6;0
6;01/10/2025;CO_8h;0.8
6;01/10/2025;NO2;52
6;01/10/2025;PM10;
6;01/10/2025;PM25;
7;01/10/2025;NO2;55
7;01/10/2025;O3;93
7;01/10/2025;PM10;22
2;31/03/2025;C6H6;1
2;31/03/2025;NO2;90
2;31/03/2025;O3;88
2;31/03/2025;PM10;13
2;31/03/2025;PM25;7
2;31/03/2025;SO2;5
3;31/03/2025;NO2;84
4;31/03/2025;C6H6;1.3
4;31/03/2025;CO_8h;0
4;31/03/2025;NO2;81
4;31/03/2025;PM10;14
4;31/03/2025;PM25;6
6;31/03/2025;C6H6;1.2
6;31/03/2025;CO_8h;0.7
6;31/03/2025;NO2;68
6;31/03/2025;PM10;14
6;31/03/2025;PM25;9
7;31/03/2025;NO2;70
7;31/03/2025;O3;86
7;31/03/2025;PM10;
2;28/03/2025;C6H6;1
2;28/03/2025;NO2;74
2;28/03/2025;O3;86
2;28/03/2025;PM10;21
2;28/03/2025;PM25;13
2;28/03/2025;SO2;2.5
3;28/03/2025;NO2;65
4;28/03/2025;C6H6;1.6
4;28/03/2025;CO_8h;0
4;28/03/2025;NO2;74
4;28/03/2025;PM10;27
4;28/03/2025;PM25;16
6;28/03/2025;C6H6;1.7
6;28/03/2025;CO_8h;0
6;28/03/2025;NO2;65
6;28/03/2025;PM10;22
6;28/03/2025;PM25;15
7;28/03/2025;NO2;65
7;28/03/2025;O3;88
7;28/03/2025;PM10;17
2;27/03/2025;C6H6;0.5
2;27/03/2025;NO2;58
2;27/03/2025;O3;90
2;27/03/2025;PM10;20
2;27/03/2025;PM25;13
2;27/03/2025;SO2;2.5
3;27/03/2025;NO2;70
4;27/03/2025;C6H6;1.6
4;27/03/2025;CO_8h;0
4;27/03/2025;NO2;71
4;27/03/2025;PM10;29
4;27/03/2025;PM25;18
6;27/03/2025;C6H6;1.2
6;27/03/2025;CO_8h;0.7
6;27/03/2025;NO2;54
6;27/03/2025;PM10;22
6;27/03/2025;PM25;16
7;27/03/2025;NO2;54
7;27/03/2025;O3;102
7;27/03/2025;PM10;20
2;26/03/2025;C6H6;1.3
2;26/03/2025;NO2;62
2;26/03/2025;O3;88
2;26/03/2025;PM10;26
2;26/03/2025;PM25;18
2;26/03/2025;SO2;2.5
3;26/03/2025;NO2;61
4;26/03/2025;C6H6;2
4;26/03/2025;CO_8h;1.2
4;26/03/2025;NO2;62
4;26/03/2025;PM10;36
4;26/03/2025;PM25;20
6;26/03/2025;C6H6;2
6;26/03/2025;CO_8h;0.8
6;26/03/2025;NO2;64
6;26/03/2025;PM10;27
6;26/03/2025;PM25;22
7;26/03/2025;NO2;62
7;26/03/2025;O3;93
7;26/03/2025;PM10;24
2;25/03/2025;C6H6;1.2
2;25/03/2025;NO2;52
2;25/03/2025;O3;76
2;25/03/2025;PM10;17
2;25/03/2025;PM25;12
2;25/03/2025;SO2;2.5
3;25/03/2025;NO2;60
4;25/03/2025;C6H6;1.3
4;25/03/2025;CO_8h;1.1
4;25/03/2025;NO2;65
4;25/03/2025;PM10;20
4;25/03/2025;PM25;12
6;25/03/2025;C6H6;1.4
6;25/03/2025;CO_8h;0.7
6;25/03/2025;NO2;48
6;25/03/2025;PM10;17
6;25/03/2025;PM25;12
7;25/03/2025;NO2;57
7;25/03/2025;O3;77
7;25/03/2025;PM10;12
2;24/03/2025;C6H6;0.5
2;24/03/2025;NO2;46
2;24/03/2025;O3;73
2;24/03/2025;PM10;12
2;24/03/2025;PM25;10
2;24/03/2025;SO2;2.5
3;24/03/2025;NO2;58
4;24/03/2025;C6H6;1
4;24/03/2025;CO_8h;0.9
4;24/03/2025;NO2;49
4;24/03/2025;PM10;12
4;24/03/2025;PM25;11
6;24/03/2025;C6H6;0.5
6;24/03/2025;CO_8h;0.25
6;24/03/2025;NO2;41
6;24/03/2025;PM10;11
6;24/03/2025;PM25;10
7;24/03/2025;NO2;49
7;24/03/2025;O3;72
7;24/03/2025;PM10;6
2;21/03/2025;C6H6;1.3
2;21/03/2025;NO2;108
2;21/03/2025;O3;84
2;21/03/2025;PM10;38
2;21/03/2025;PM25;24
2;21/03/2025;SO2;8
3;21/03/2025;NO2;87
4;21/03/2025;C6H6;2.1
4;21/03/2025;CO_8h;1.2
4;21/03/2025;NO2;91
4;21/03/2025;PM10;56
4;21/03/2025;PM25;28
6;21/03/2025;C6H6;2
6;21/03/2025;CO_8h;0.5
6;21/03/2025;NO2;80
6;21/03/2025;PM10;44
6;21/03/2025;PM25;27
7;21/03/2025;NO2;69
7;21/03/2025;O3;81
7;21/03/2025;PM10;37
2;20/03/2025;C6H6;1.3
2;20/03/2025;NO2;97
2;20/03/2025;O3;70
2;20/03/2025;PM10;29
2;20/03/2025;PM25;16
2;20/03/2025;SO2;5
3;20/03/2025;NO2;83
4;20/03/2025;C6H6;1.6
4;20/03/2025;CO_8h;0.9
4;20/03/2025;NO2;80
4;20/03/2025;PM10;41
4;20/03/2025;PM25;19
6;20/03/2025;C6H6;1.3
6;20/03/2025;CO_8h;0.5
6;20/03/2025;NO2;55
6;20/03/2025;PM10;25
6;20/03/2025;PM25;16
7;20/03/2025;NO2;68
7;20/03/2025;O3;77
7;20/03/2025;PM10;25
2;19/03/2025;C6H6;0.5
2;19/03/2025;NO2;41
2;19/03/2025;O3;71
2;19/03/2025;PM10;12
2;19/03/2025;PM25;6
2;19/03/2025;SO2;2.5
3;19/03/2025;NO2;49
4;19/03/2025;C6H6;1.2
4;19/03/2025;CO_8h;0.8
4;19/03/2025;NO2;60
4;19/03/2025;PM10;21
4;19/03/2025;PM25;7
6;19/03/2025;C6H6;0.5
6;19/03/2025;CO_8h;0.25
6;19/03/2025;NO2;25
6;19/03/2025;PM10;14
6;19/03/2025;PM25;8
7;19/03/2025;NO2;33
7;19/03/2025;O3;73
7;19/03/2025;PM10;11
2;18/03/2025;C6H6;0.5
2;18/03/2025;NO2;50
2;18/03/2025;O3;80
2;18/03/2025;PM10;15
2;18/03/2025;PM25;9
2;18/03/2025;SO2;5
3;18/03/2025;NO2;47
4;18/03/2025;C6H6;1.1
4;18/03/2025;CO_8h;0.7
4;18/03/2025;NO2;64
4;18/03/2025;PM10;23
4;18/03/2025;PM25;8
6;18/03/2025;C6H6;1.1
6;18/03/2025;CO_8h;0.25
6;18/03/2025;NO2;37
6;18/03/2025;PM10;19
6;18/03/2025;PM25;12
7;18/03/2025;NO2;48
7;18/03/2025;O3;83
7;18/03/2025;PM10;15
2;17/03/2025;C6H6;0.5
2;17/03/2025;NO2;26
2;17/03/2025;O3;76
2;17/03/2025;PM10;11
2;17/03/2025;PM25;5
2;17/03/2025;SO2;2.5
3;17/03/2025;NO2;47
4;17/03/2025;C6H6;0.5
4;17/03/2025;CO_8h;0.7
4;17/03/2025;NO2;41
4;17/03/2025;PM10;9
4;17/03/2025;PM25;6
6;17/03/2025;C6H6;0.5
6;17/03/2025;CO_8h;0.25
6;17/03/2025;NO2;26
6;17/03/2025;PM10;13
6;17/03/2025;PM25;6
7;17/03/2025;NO2;28
7;17/03/2025;O3;71
7;17/03/2025;PM10;8
2;14/03/2025;C6H6;0.5
2;14/03/2025;NO2;46
2;14/03/2025;O3;75
2;14/03/2025;PM10;15
2;14/03/2025;PM25;11
2;14/03/2025;SO2;2.5
3;14/03/2025;NO2;52
4;14/03/2025;C6H6;1.2
4;14/03/2025;CO_8h;0.7
4;14/03/2025;NO2;55
4;14/03/2025;PM10;23
4;14/03/2025;PM25;
6;14/03/2025;C6H6;1.3
6;14/03/2025;CO_8h;0.25
6;14/03/2025;NO2;45
6;14/03/2025;PM10;18
6;14/03/2025;PM25;15
7;14/03/2025;NO2;49
7;14/03/2025;O3;72
7;14/03/2025;PM10;15
2;13/03/2025;C6H6;0.5
2;13/03/2025;NO2;45
2;13/03/2025;O3;59
2;13/03/2025;PM10;12
2;13/03/2025;PM25;9
2;13/03/2025;SO2;2.5
3;13/03/2025;NO2;50
4;13/03/2025;C6H6;1.2
4;13/03/2025;CO_8h;0.8
4;13/03/2025;NO2;53
4;13/03/2025;PM10;21
4;13/03/2025;PM25;15
6;13/03/2025;C6H6;1.1
6;13/03/2025;CO_8h;0.25
6;13/03/2025;NO2;39
6;13/03/2025;PM10;14
6;13/03/2025;PM25;11
7;13/03/2025;NO2;42
7;13/03/2025;O3;63
7;13/03/2025;PM10;11
2;12/03/2025;C6H6;1.1
2;12/03/2025;NO2;60
2;12/03/2025;O3;52
2;12/03/2025;PM10;23
2;12/03/2025;PM25;18
2;12/03/2025;SO2;2.5
3;12/03/2025;NO2;68
4;12/03/2025;C6H6;1.6
4;12/03/2025;CO_8h;1.2
4;12/03/2025;NO2;64
4;12/03/2025;PM10;33
4;12/03/2025;PM25;21
6;12/03/2025;C6H6;1.5
6;12/03/2025;CO_8h;0.6
6;12/03/2025;NO2;48
6;12/03/2025;PM10;25
6;12/03/2025;PM25;20
7;12/03/2025;NO2;52
7;12/03/2025;O3;52
7;12/03/2025;PM10;23
2;11/03/2025;C6H6;1.1
2;11/03/2025;NO2;72
2;11/03/2025;O3;76
2;11/03/2025;PM10;23
2;11/03/2025;PM25;15
2;11/03/2025;SO2;2.5
3;11/03/2025;NO2;66
4;11/03/2025;C6H6;1.4
4;11/03/2025;CO_8h;1.2
4;11/03/2025;NO2;75
4;11/03/2025;PM10;31
4;11/03/2025;PM25;24
6;11/03/2025;C6H6;1.3
6;11/03/2025;CO_8h;0.5
6;11/03/2025;NO2;57
6;11/03/2025;PM10;24
6;11/03/2025;PM25;17
7;11/03/2025;NO2;54
7;11/03/2025;O3;74
7;11/03/2025;PM10;26
2;10/03/2025;C6H6;1.6
2;10/03/2025;NO2;90
2;10/03/2025;O3;81
2;10/03/2025;PM10;52
2;10/03/2025;PM25;38
2;10/03/2025;SO2;20
3;10/03/2025;NO2;102
4;10/03/2025;C6H6;2.1
4;10/03/2025;CO_8h;1.7
4;10/03/2025;NO2;96
4;10/03/2025;PM10;67
4;10/03/2025;PM25;42
6;10/03/2025;C6H6;2.1
6;10/03/2025;CO_8h;0.6
6;10/03/2025;NO2;65
6;10/03/2025;PM10;53
6;10/03/2025;PM25;41
7;10/03/2025;NO2;83
7;10/03/2025;O3;84
7;10/03/2025;PM10;56
2;07/03/2025;C6H6;2.8
2;07/03/2025;NO2;109
2;07/03/2025;O3;88
2;07/03/2025;PM10;45
2;07/03/2025;PM25;29
2;07/03/2025;SO2;17
3;07/03/2025;NO2;109
4;07/03/2025;C6H6;2.7
4;07/03/2025;CO_8h;1.7
4;07/03/2025;NO2;104
4;07/03/2025;PM10;66
4;07/03/2025;PM25;34
6;07/03/2025;C6H6;2.7
6;07/03/2025;CO_8h;0.7
6;07/03/2025;NO2;78
6;07/03/2025;PM10;48
6;07/03/2025;PM25;29
7;07/03/2025;NO2;92
7;07/03/2025;O3;91
7;07/03/2025;PM10;46
2;06/03/2025;C6H6;3.2
2;06/03/2025;NO2;131
2;06/03/2025;O3;86
2;06/03/2025;PM10;55
2;06/03/2025;PM25;35
2;06/03/2025;SO2;6
3;06/03/2025;NO2;105
4;06/03/2025;C6H6;3.5
4;06/03/2025;CO_8h;2
4;06/03/2025;NO2;107
4;06/03/2025;PM10;74
4;06/03/2025;PM25;43
6;06/03/2025;C6H6;3.9
6;06/03/2025;CO_8h;1.1
6;06/03/2025;NO2;84
6;06/03/2025;PM10;59
6;06/03/2025;PM25;38
7;06/03/2025;NO2;100
7;06/03/2025;O3;89
7;06/03/2025;PM10;59
2;05/03/2025;C6H6;3.6
2;05/03/2025;NO2;115
2;05/03/2025;O3;77
2;05/03/2025;PM10;55
2;05/03/2025;PM25;35
2;05/03/2025;SO2;6
3;05/03/2025;NO2;108
4;05/03/2025;C6H6;2.8
4;05/03/2025;CO_8h;1.8
4;05/03/2025;NO2;106
4;05/03/2025;PM10;66
4;05/03/2025;PM25;39
6;05/03/2025;C6H6;3.1
6;05/03/2025;CO_8h;0.8
6;05/03/2025;NO2;83
6;05/03/2025;PM10;53
6;05/03/2025;PM25;37
7;05/03/2025;NO2;94
7;05/03/2025;O3;82
7;05/03/2025;PM10;52
2;04/03/2025;C6H6;1.6
2;04/03/2025;NO2;78
2;04/03/2025;O3;70
2;04/03/2025;PM10;38
2;04/03/2025;PM25;27
2;04/03/2025;SO2;2.5
3;04/03/2025;NO2;97
4;04/03/2025;C6H6;2.1
4;04/03/2025;CO_8h;1.2
4;04/03/2025;NO2;88
4;04/03/2025;PM10;45
4;04/03/2025;PM25;28
6;04/03/2025;C6H6;2.3
6;04/03/2025;CO_8h;0.8
6;04/03/2025;NO2;95
6;04/03/2025;PM10;37
6;04/03/2025;PM25;30
7;04/03/2025;NO2;75
7;04/03/2025;O3;75
7;04/03/2025;PM10;35
2;03/03/2025;C6H6;1
2;03/03/2025;NO2;66
2;03/03/2025;O3;73
2;03/03/2025;PM10;22
2;03/03/2025;PM25;17
2;03/03/2025;SO2;2.5
3;03/03/2025;NO2;76
4;03/03/2025;C6H6;1.5
4;03/03/2025;CO_8h;0.9
4;03/03/2025;NO2;72
4;03/03/2025;PM10;31
4;03/03/2025;PM25;19
6;03/03/2025;C6H6;1
6;03/03/2025;CO_8h;0.25
6;03/03/2025;NO2;38
6;03/03/2025;PM10;19
6;03/03/2025;PM25;17
7;03/03/2025;NO2;40
7;03/03/2025;O3;75
7;03/03/2025;PM10;19
2;28/02/2025;C6H6;1.2
2;28/02/2025;NO2;60
2;28/02/2025;O3;61
2;28/02/2025;PM10;30
2;28/02/2025;PM25;21
2;28/02/2025;SO2;2.5
3;28/02/2025;NO2;63
4;28/02/2025;C6H6;1.8
4;28/02/2025;CO_8h;1
4;28/02/2025;NO2;69
4;28/02/2025;PM10;45
4;28/02/2025;PM25;30
6;28/02/2025;C6H6;1.9
6;28/02/2025;CO_8h;0.6
6;28/02/2025;NO2;54
6;28/02/2025;PM10;34
6;28/02/2025;PM25;24
7;28/02/2025;NO2;69
7;28/02/2025;O3;59
7;28/02/2025;PM10;32
2;27/02/2025;C6H6;1.4
2;27/02/2025;NO2;46
2;27/02/2025;O3;52
2;27/02/2025;PM10;32
2;27/02/2025;PM25;25
2;27/02/2025;SO2;2.5
3;27/02/2025;NO2;61
4;27/02/2025;C6H6;1.7
4;27/02/2025;CO_8h;1
4;27/02/2025;NO2;67
4;27/02/2025;PM10;35
4;27/02/2025;PM25;28
6;27/02/2025;C6H6;1.9
6;27/02/2025;CO_8h;0.5
6;27/02/2025;NO2;44
6;27/02/2025;PM10;35
6;27/02/2025;PM25;28
7;27/02/2025;NO2;47
7;27/02/2025;O3;52
7;27/02/2025;PM10;35
2;26/02/2025;C6H6;2.1
2;26/02/2025;NO2;53
2;26/02/2025;O3;42
2;26/02/2025;PM10;78
2;26/02/2025;PM25;60
2;26/02/2025;SO2;2.5
3;26/02/2025;NO2;60
4;26/02/2025;C6H6;2.1
4;26/02/2025;CO_8h;1.1
4;26/02/2025;NO2;48
4;26/02/2025;PM10;72
4;26/02/2025;PM25;67
6;26/02/2025;C6H6;2.9
6;26/02/2025;CO_8h;0.7
6;26/02/2025;NO2;50
6;26/02/2025;PM10;86
6;26/02/2025;PM25;74
7;26/02/2025;NO2;64
7;26/02/2025;O3;39
7;26/02/2025;PM10;98
2;25/02/2025;C6H6;2.2
2;25/02/2025;NO2;56
2;25/02/2025;O3;31
2;25/02/2025;PM10;94
2;25/02/2025;PM25;70
2;25/02/2025;SO2;2.5
3;25/02/2025;NO2;61
4;25/02/2025;C6H6;2.2
4;25/02/2025;CO_8h;1
4;25/02/2025;NO2;52
4;25/02/2025;PM10;115
4;25/02/2025;PM25;78
6;25/02/2025;C6H6;3.1
6;25/02/2025;CO_8h;0.7
6;25/02/2025;NO2;51
6;25/02/2025;PM10;99
6;25/02/2025;PM25;83
7;25/02/2025;NO2;64
7;25/02/2025;O3;29
7;25/02/2025;PM10;110
2;24/02/2025;C6H6;2.1
2;24/02/2025;NO2;59
2;24/02/2025;O3;36
2;24/02/2025;PM10;80
2;24/02/2025;PM25;61
2;24/02/2025;SO2;2.5
3;24/02/2025;NO2;55
4;24/02/2025;C6H6;2
4;24/02/2025;CO_8h;0.9
4;24/02/2025;NO2;49
4;24/02/2025;PM10;95
4;24/02/2025;PM25;72
6;24/02/2025;C6H6;2.9
6;24/02/2025;CO_8h;0.6
6;24/02/2025;NO2;44
6;24/02/2025;PM10;81
6;24/02/2025;PM25;66
7;24/02/2025;NO2;55
7;24/02/2025;O3;36
7;24/02/2025;PM10;90
2;21/02/2025;C6H6;1.5
2;21/02/2025;NO2;74
2;21/02/2025;O3;49
2;21/02/2025;PM10;48
2;21/02/2025;PM25;35
2;21/02/2025;SO2;2.5
3;21/02/2025;NO2;82
4;21/02/2025;C6H6;1.6
4;21/02/2025;CO_8h;0.8
4;21/02/2025;NO2;63
4;21/02/2025;PM10;61
4;21/02/2025;PM25;40
6;21/02/2025;C6H6;2.2
6;21/02/2025;CO_8h;0.6
6;21/02/2025;NO2;55
6;21/02/2025;PM10;49
6;21/02/2025;PM25;39
7;21/02/2025;NO2;72
7;21/02/2025;O3;52
7;21/02/2025;PM10;50
2;20/02/2025;C6H6;1.1
2;20/02/2025;NO2;34
2;20/02/2025;O3;63
2;20/02/2025;PM10;27
2;20/02/2025;PM25;18
2;20/02/2025;SO2;2.5
3;20/02/2025;NO2;44
4;20/02/2025;C6H6;1.4
4;20/02/2025;CO_8h;0.5
4;20/02/2025;NO2;53
4;20/02/2025;PM10;37
4;20/02/2025;PM25;22
6;20/02/2025;C6H6;1.4
6;20/02/2025;CO_8h;0.25
6;20/02/2025;NO2;33
6;20/02/2025;PM10;29
6;20/02/2025;PM25;21
7;20/02/2025;NO2;47
7;20/02/2025;O3;61
7;20/02/2025;PM10;33
2;19/02/2025;C6H6;1.2
2;19/02/2025;NO2;57
2;19/02/2025;O3;70
2;19/02/2025;PM10;30
2;19/02/2025;PM25;24
2;19/02/2025;SO2;2.5
3;19/02/2025;NO2;60
4;19/02/2025;C6H6;1.3
4;19/02/2025;CO_8h;0.5
4;19/02/2025;NO2;49
4;19/02/2025;PM10;43
4;19/02/2025;PM25;28
6;19/02/2025;C6H6;1.4
6;19/02/2025;CO_8h;0.25
6;19/02/2025;NO2;45
6;19/02/2025;PM10;34
6;19/02/2025;PM25;25
7;19/02/2025;NO2;64
7;19/02/2025;O3;62
7;19/02/2025;PM10;35
2;18/02/2025;C6H6;1.4
2;18/02/2025;NO2;36
2;18/02/2025;O3;44
2;18/02/2025;PM10;28
2;18/02/2025;PM25;21
2;18/02/2025;SO2;2.5
3;18/02/2025;NO2;50
4;18/02/2025;C6H6;1.7
4;18/02/2025;CO_8h;0.5
4;18/02/2025;NO2;50
4;18/02/2025;PM10;41
4;18/02/2025;PM25;25
6;18/02/2025;C6H6;1.6
6;18/02/2025;CO_8h;0.25
6;18/02/2025;NO2;30
6;18/02/2025;PM10;31
6;18/02/2025;PM25;22
7;18/02/2025;NO2;50
7;18/02/2025;O3;55
7;18/02/2025;PM10;32
2;17/02/2025;C6H6;1.5
2;17/02/2025;NO2;51
2;17/02/2025;O3;58
2;17/02/2025;PM10;32
2;17/02/2025;PM25;25
2;17/02/2025;SO2;2.5
3;17/02/2025;NO2;53
4;17/02/2025;C6H6;1.6
4;17/02/2025;CO_8h;0.7
4;17/02/2025;NO2;49
4;17/02/2025;PM10;45
4;17/02/2025;PM25;30
6;17/02/2025;C6H6;1.6
6;17/02/2025;CO_8h;0.5
6;17/02/2025;NO2;35
6;17/02/2025;PM10;33
6;17/02/2025;PM25;28
7;17/02/2025;NO2;51
7;17/02/2025;O3;54
7;17/02/2025;PM10;33
2;14/02/2025;C6H6;1.7
2;14/02/2025;NO2;50
2;14/02/2025;O3;11
2;14/02/2025;PM10;43
2;14/02/2025;PM25;29
2;14/02/2025;SO2;2.5
3;14/02/2025;NO2;49
4;14/02/2025;C6H6;2.1
4;14/02/2025;CO_8h;
4;14/02/2025;NO2;44
4;14/02/2025;PM10;53
4;14/02/2025;PM25;37
6;14/02/2025;C6H6;2.9
6;14/02/2025;CO_8h;0.7
6;14/02/2025;NO2;45
6;14/02/2025;PM10;43
6;14/02/2025;PM25;33
7;14/02/2025;NO2;57
7;14/02/2025;O3;15
7;14/02/2025;PM10;45
2;13/02/2025;C6H6;1.6
2;13/02/2025;NO2;40
2;13/02/2025;O3;36
2;13/02/2025;PM10;29
2;13/02/2025;PM25;21
2;13/02/2025;SO2;2.5
3;13/02/2025;NO2;49
4;13/02/2025;C6H6;1.9
4;13/02/2025;CO_8h;
4;13/02/2025;NO2;43
4;13/02/2025;PM10;31
4;13/02/2025;PM25;24
6;13/02/2025;C6H6;2.2
6;13/02/2025;CO_8h;0.5
6;13/02/2025;NO2;39
6;13/02/2025;PM10;25
6;13/02/2025;PM25;23
7;13/02/2025;NO2;55
7;13/02/2025;O3;35
7;13/02/2025;PM10;26
2;12/02/2025;C6H6;1.6
2;12/02/2025;NO2;58
2;12/02/2025;O3;29
2;12/02/2025;PM10;29
2;12/02/2025;PM25;20
2;12/02/2025;SO2;2.5
3;12/02/2025;NO2;68
4;12/02/2025;C6H6;2
4;12/02/2025;CO_8h;0
4;12/02/2025;NO2;55
4;12/02/2025;PM10;41
4;12/02/2025;PM25;30
6;12/02/2025;C6H6;2.3
6;12/02/2025;CO_8h;0.6
6;12/02/2025;NO2;59
6;12/02/2025;PM10;29
6;12/02/2025;PM25;23
7;12/02/2025;NO2;70
7;12/02/2025;O3;25
7;12/02/2025;PM10;28
2;11/02/2025;C6H6;1.6
2;11/02/2025;NO2;55
2;11/02/2025;O3;30
2;11/02/2025;PM10;26
2;11/02/2025;PM25;20
2;11/02/2025;SO2;2.5
3;11/02/2025;NO2;57
4;11/02/2025;C6H6;1.5
4;11/02/2025;CO_8h;
4;11/02/2025;NO2;48
4;11/02/2025;PM10;31
4;11/02/2025;PM25;26
6;11/02/2025;C6H6;2.1
6;11/02/2025;CO_8h;0.6
6;11/02/2025;NO2;45
6;11/02/2025;PM10;26
6;11/02/2025;PM25;21
7;11/02/2025;NO2;59
7;11/02/2025;O3;32
7;11/02/2025;PM10;25
2;10/02/2025;C6H6;1.2
2;10/02/2025;NO2;50
2;10/02/2025;O3;49
2;10/02/2025;PM10;18
2;10/02/2025;PM25;15
2;10/02/2025;SO2;2.5
3;10/02/2025;NO2;45
4;10/02/2025;C6H6;1.2
4;10/02/2025;CO_8h;0
4;10/02/2025;NO2;51
4;10/02/2025;PM10;20
4;10/02/2025;PM25;18
6;10/02/2025;C6H6;1.5
6;10/02/2025;CO_8h;0.6
6;10/02/2025;NO2;52
6;10/02/2025;PM10;16
6;10/02/2025;PM25;17
7;10/02/2025;NO2;59
7;10/02/2025;O3;46
7;10/02/2025;PM10;16
2;07/02/2025;C6H6;3.3
2;07/02/2025;C6H6;
2;07/02/2025;NO2;74
2;07/02/2025;NO2;
2;07/02/2025;O3;49
2;07/02/2025;O3;
2;07/02/2025;PM10;51
2;07/02/2025;PM10;
2;07/02/2025;PM25;37
2;07/02/2025;PM25;
2;07/02/2025;SO2;5
2;07/02/2025;SO2;
3;07/02/2025;NO2;78
3;07/02/2025;NO2;
4;07/02/2025;C6H6;3.2
4;07/02/2025;C6H6;
4;07/02/2025;CO_8h;0
4;07/02/2025;CO_8h;
4;07/02/2025;NO2;72
4;07/02/2025;NO2;
4;07/02/2025;PM10;81
4;07/02/2025;PM10;
4;07/02/2025;PM25;53
4;07/02/2025;PM25;
6;07/02/2025;C6H6;4.8
6;07/02/2025;C6H6;
6;07/02/2025;CO_8h;1.7
6;07/02/2025;CO_8h;
6;07/02/2025;NO2;87
6;07/02/2025;NO2;
6;07/02/2025;PM10;58
6;07/02/2025;PM10;
6;07/02/2025;PM25;46
6;07/02/2025;PM25;
7;07/02/2025;NO2;92
7;07/02/2025;NO2;
7;07/02/2025;O3;43
7;07/02/2025;O3;
7;07/02/2025;PM10;64
7;07/02/2025;PM10;
2;29/01/2025;C6H6;1.6
2;29/01/2025;NO2;59
2;29/01/2025;O3;24
2;29/01/2025;PM10;17
2;29/01/2025;PM25;12
2;29/01/2025;SO2;2.5
3;29/01/2025;NO2;64
4;29/01/2025;C6H6;1.6
4;29/01/2025;CO_8h;1.9
4;29/01/2025;NO2;46
4;29/01/2025;PM10;16
4;29/01/2025;PM25;11
6;29/01/2025;C6H6;2.2
6;29/01/2025;CO_8h;0.8
6;29/01/2025;NO2;61
6;29/01/2025;PM10;16
6;29/01/2025;PM25;11
7;29/01/2025;NO2;79
7;29/01/2025;O3;18
7;29/01/2025;PM10;12
2;28/01/2025;C6H6;1.5
2;28/01/2025;NO2;48
2;28/01/2025;O3;11
2;28/01/2025;PM10;12
2;28/01/2025;PM25;10
2;28/01/2025;SO2;2.5
3;28/01/2025;NO2;53
4;28/01/2025;C6H6;1.7
4;28/01/2025;CO_8h;1.7
4;28/01/2025;NO2;45
4;28/01/2025;PM10;15
4;28/01/2025;PM25;13
6;28/01/2025;C6H6;1.9
6;28/01/2025;CO_8h;0.6
6;28/01/2025;NO2;52
6;28/01/2025;PM10;18
6;28/01/2025;PM25;12
7;28/01/2025;NO2;59
7;28/01/2025;O3;12
7;28/01/2025;PM10;12
2;27/01/2025;C6H6;1.5
2;27/01/2025;NO2;38
2;27/01/2025;O3;21
2;27/01/2025;PM10;14
2;27/01/2025;PM25;10
2;27/01/2025;SO2;2.5
3;27/01/2025;NO2;45
4;27/01/2025;C6H6;1.5
4;27/01/2025;CO_8h;1.7
4;27/01/2025;NO2;37
4;27/01/2025;PM10;19
4;27/01/2025;PM25;11
6;27/01/2025;C6H6;1.9
6;27/01/2025;CO_8h;0.7
6;27/01/2025;NO2;47
6;27/01/2025;PM10;12
6;27/01/2025;PM25;8
7;27/01/2025;NO2;55
7;27/01/2025;O3;17
7;27/01/2025;PM10;11
2;24/01/2025;C6H6;1.4
2;24/01/2025;NO2;49
2;24/01/2025;O3;39
2;24/01/2025;PM10;20
2;24/01/2025;PM25;15
2;24/01/2025;SO2;2.5
3;24/01/2025;NO2;62
4;24/01/2025;C6H6;1.5
4;24/01/2025;CO_8h;1.5
4;24/01/2025;NO2;50
4;24/01/2025;PM10;24
4;24/01/2025;PM25;17
6;24/01/2025;C6H6;2
6;24/01/2025;CO_8h;0.6
6;24/01/2025;NO2;56
6;24/01/2025;PM10;21
6;24/01/2025;PM25;16
7;24/01/2025;NO2;61
7;24/01/2025;O3;24
7;24/01/2025;PM10;19
2;23/01/2025;C6H6;1.4
2;23/01/2025;NO2;45
2;23/01/2025;O3;43
2;23/01/2025;PM10;26
2;23/01/2025;PM25;20
2;23/01/2025;SO2;2.5
3;23/01/2025;NO2;52
4;23/01/2025;C6H6;1.8
4;23/01/2025;CO_8h;1.5
4;23/01/2025;NO2;39
4;23/01/2025;PM10;35
4;23/01/2025;PM25;26
6;23/01/2025;C6H6;2.2
6;23/01/2025;CO_8h;0.6
6;23/01/2025;NO2;52
6;23/01/2025;PM10;27
6;23/01/2025;PM25;21
7;23/01/2025;NO2;60
7;23/01/2025;O3;34
7;23/01/2025;PM10;26
2;22/01/2025;C6H6;1.3
2;22/01/2025;NO2;55
2;22/01/2025;O3;40
2;22/01/2025;PM10;26
2;22/01/2025;PM25;20
2;22/01/2025;SO2;2.5
3;22/01/2025;NO2;62
4;22/01/2025;C6H6;1.2
4;22/01/2025;CO_8h;1.3
4;22/01/2025;NO2;44
4;22/01/2025;PM10;28
4;22/01/2025;PM25;22
6;22/01/2025;C6H6;1.9
6;22/01/2025;CO_8h;0.6
6;22/01/2025;NO2;52
6;22/01/2025;PM10;29
6;22/01/2025;PM25;19
7;22/01/2025;NO2;56
7;22/01/2025;O3;35
7;22/01/2025;PM10;28
2;21/01/2025;C6H6;1.5
2;21/01/2025;NO2;69
2;21/01/2025;O3;36
2;21/01/2025;PM10;19
2;21/01/2025;PM25;14
2;21/01/2025;SO2;2.5
3;21/01/2025;NO2;73
4;21/01/2025;C6H6;1.9
4;21/01/2025;CO_8h;1.4
4;21/01/2025;NO2;57
4;21/01/2025;PM10;23
4;21/01/2025;PM25;18
6;21/01/2025;C6H6;2.1
6;21/01/2025;CO_8h;0.6
6;21/01/2025;NO2;85
6;21/01/2025;PM10;18
6;21/01/2025;PM25;15
7;21/01/2025;NO2;84
7;21/01/2025;O3;36
7;21/01/2025;PM10;21
2;20/01/2025;C6H6;2
2;20/01/2025;NO2;71
2;20/01/2025;O3;36
2;20/01/2025;PM10;32
2;20/01/2025;PM25;26
2;20/01/2025;SO2;2.5
3;20/01/2025;NO2;71
4;20/01/2025;C6H6;2
4;20/01/2025;CO_8h;1.9
4;20/01/2025;NO2;61
4;20/01/2025;PM10;45
4;20/01/2025;PM25;33
6;20/01/2025;C6H6;2.6
6;20/01/2025;CO_8h;1.2
6;20/01/2025;NO2;82
6;20/01/2025;PM10;33
6;20/01/2025;PM25;26
7;20/01/2025;NO2;88
7;20/01/2025;O3;35
7;20/01/2025;PM10;36
2;17/01/2025;C6H6;3.5
2;17/01/2025;NO2;82
2;17/01/2025;O3;42
2;17/01/2025;PM10;48
2;17/01/2025;PM25;31
2;17/01/2025;SO2;7
3;17/01/2025;NO2;109
4;17/01/2025;C6H6;3.6
4;17/01/2025;CO_8h;2.6
4;17/01/2025;NO2;81
4;17/01/2025;PM10;74
4;17/01/2025;PM25;42
6;17/01/2025;C6H6;4.6
6;17/01/2025;CO_8h;1.3
6;17/01/2025;NO2;99
6;17/01/2025;PM10;48
6;17/01/2025;PM25;29
7;17/01/2025;NO2;
7;17/01/2025;O3;
7;17/01/2025;PM10;52
2;16/01/2025;C6H6;3
2;16/01/2025;NO2;73
2;16/01/2025;O3;23
2;16/01/2025;PM10;58
2;16/01/2025;PM25;42
2;16/01/2025;SO2;2.5
3;16/01/2025;NO2;86
4;16/01/2025;C6H6;3.1
4;16/01/2025;CO_8h;2.2
4;16/01/2025;NO2;73
4;16/01/2025;PM10;71
4;16/01/2025;PM25;46
6;16/01/2025;C6H6;4.1
6;16/01/2025;CO_8h;1
6;16/01/2025;NO2;81
6;16/01/2025;PM10;59
6;16/01/2025;PM25;42
7;16/01/2025;NO2;97
7;16/01/2025;O3;21
7;16/01/2025;PM10;64
2;15/01/2025;C6H6;1.8
2;15/01/2025;NO2;72
2;15/01/2025;O3;46
2;15/01/2025;PM10;36
2;15/01/2025;PM25;23
2;15/01/2025;SO2;2.5
3;15/01/2025;NO2;87
4;15/01/2025;C6H6;2
4;15/01/2025;CO_8h;1.1
4;15/01/2025;NO2;60
4;15/01/2025;PM10;49
4;15/01/2025;PM25;26
6;15/01/2025;C6H6;2.4
6;15/01/2025;CO_8h;0.6
6;15/01/2025;NO2;77
6;15/01/2025;PM10;41
6;15/01/2025;PM25;21
7;15/01/2025;NO2;75
7;15/01/2025;O3;39
7;15/01/2025;PM10;36
2;14/01/2025;C6H6;2.1
2;14/01/2025;NO2;69
2;14/01/2025;O3;38
2;14/01/2025;PM10;37
2;14/01/2025;PM25;26
2;14/01/2025;SO2;6
3;14/01/2025;NO2;82
4;14/01/2025;C6H6;2.5
4;14/01/2025;CO_8h;1.3
4;14/01/2025;NO2;68
4;14/01/2025;PM10;50
4;14/01/2025;PM25;29
6;14/01/2025;C6H6;2.9
6;14/01/2025;CO_8h;1.1
6;14/01/2025;NO2;88
6;14/01/2025;PM10;39
6;14/01/2025;PM25;27
7;14/01/2025;NO2;94
7;14/01/2025;O3;37
7;14/01/2025;PM10;45
2;13/01/2025;C6H6;1.8
2;13/01/2025;NO2;71
2;13/01/2025;O3;48
2;13/01/2025;PM10;30
2;13/01/2025;PM25;23
2;13/01/2025;SO2;2.5
3;13/01/2025;NO2;96
4;13/01/2025;C6H6;2
4;13/01/2025;CO_8h;1.7
4;13/01/2025;NO2;66
4;13/01/2025;PM10;39
4;13/01/2025;PM25;25
6;13/01/2025;C6H6;2.2
6;13/01/2025;CO_8h;0.8
6;13/01/2025;NO2;78
6;13/01/2025;PM10;29
6;13/01/2025;PM25;21
7;13/01/2025;NO2;75
7;13/01/2025;O3;52
7;13/01/2025;PM10;27
2;10/01/2025;C6H6;2
2;10/01/2025;NO2;
2;10/01/2025;O3;4
2;10/01/2025;PM10;17
2;10/01/2025;PM25;15
2;10/01/2025;SO2;2.5
3;10/01/2025;NO2;42
4;10/01/2025;C6H6;2
4;10/01/2025;CO_8h;0.8
4;10/01/2025;NO2;38
4;10/01/2025;PM10;20
4;10/01/2025;PM25;16
6;10/01/2025;C6H6;3
6;10/01/2025;CO_8h;0.8
6;10/01/2025;NO2;
6;10/01/2025;PM10;18
6;10/01/2025;PM25;16
7;10/01/2025;NO2;49
7;10/01/2025;O3;3
7;10/01/2025;PM10;16
2;09/01/2025;C6H6;0
2;09/01/2025;NO2;25
2;09/01/2025;O3;13
2;09/01/2025;PM10;36
2;09/01/2025;PM25;26
2;09/01/2025;SO2;6
3;09/01/2025;NO2;44
4;09/01/2025;C6H6;2
4;09/01/2025;CO_8h;0.8
4;09/01/2025;NO2;36
4;09/01/2025;PM10;39
4;09/01/2025;PM25;32
6;09/01/2025;C6H6;2.8
6;09/01/2025;CO_8h;0.8
6;09/01/2025;NO2;
6;09/01/2025;PM10;34
6;09/01/2025;PM25;26
7;09/01/2025;NO2;48
7;09/01/2025;O3;9
7;09/01/2025;PM10;36
2;08/01/2025;C6H6;0
2;08/01/2025;NO2;27
2;08/01/2025;O3;21
2;08/01/2025;PM10;24
2;08/01/2025;PM25;18
2;08/01/2025;SO2;5
3;08/01/2025;NO2;43
4;08/01/2025;C6H6;1.6
4;08/01/2025;CO_8h;1
4;08/01/2025;NO2;46
4;08/01/2025;PM10;30
4;08/01/2025;PM25;25
6;08/01/2025;C6H6;2.8
6;08/01/2025;CO_8h;0.6
6;08/01/2025;NO2;
6;08/01/2025;PM10;28
6;08/01/2025;PM25;21
7;08/01/2025;NO2;45
7;08/01/2025;O3;17
7;08/01/2025;PM10;28
2;07/01/2025;C6H6;1.4
2;07/01/2025;NO2;28
2;07/01/2025;O3;22
2;07/01/2025;PM10;40
2;07/01/2025;PM25;26
2;07/01/2025;SO2;5
3;07/01/2025;NO2;40
4;07/01/2025;C6H6;1.5
4;07/01/2025;CO_8h;0.9
4;07/01/2025;NO2;35
4;07/01/2025;PM10;44
4;07/01/2025;PM25;37
6;07/01/2025;C6H6;1.7
6;07/01/2025;CO_8h;0.5
6;07/01/2025;NO2;
6;07/01/2025;PM10;35
6;07/01/2025;PM25;29
7;07/01/2025;NO2;45
7;07/01/2025;O3;18
7;07/01/2025;PM10;40
